title,date,topic,topic_name,period
Violent Channel smuggling gang's French and UK network exposed by undercover BBC investigation,2025-08-05 16:00:48.000000,-1,-1_china_trump_says_japan,2025-08-05
Watch: Secret filming shows Channel gang associates take payment at UK station,2025-08-05 16:00:38.000000,-1,-1_china_trump_says_japan,2025-08-05
"Titan implosion that killed all five on board was 'preventable', says report",2025-08-05 17:38:49.000000,-1,-1_china_trump_says_japan,2025-08-05
Clintons subpoenaed in congressional Epstein investigation,2025-08-05 16:27:15.000000,-1,-1_china_trump_says_japan,2025-08-05
Police deny Reform council leader's claims of rape case 'cover-up',2025-08-05 18:14:42.000000,-1,-1_china_trump_says_japan,2025-08-05
What are the rules around police giving out a suspect's nationality?,2025-08-05 11:52:54.000000,1,1_hong_kong_hong kong_china,2025-08-05
"Netanyahu to propose full reoccupation of Gaza, Israeli media report",2025-08-05 15:06:52.000000,0,0_gaza_russian_trump_war,2025-08-05
Corbyn attacks Rayner for selling off allotments,2025-08-05 12:37:39.000000,-1,-1_china_trump_says_japan,2025-08-05
Bridgerton actress tells BBC she's agoraphobic after phone theft that went viral,2025-08-05 16:39:46.000000,1,1_hong_kong_hong kong_china,2025-08-05
£100m of premium bond prizes remain unclaimed,2025-08-05 12:52:50.000000,-1,-1_china_trump_says_japan,2025-08-05
Family pay tribute to Oasis fan who died at Wembley,2025-08-05 18:52:16.000000,-1,-1_china_trump_says_japan,2025-08-05
Couple detained in Iran allowed first call home,2025-08-05 16:53:36.000000,-1,-1_china_trump_says_japan,2025-08-05
"Nasa to put nuclear reactor on the Moon by 2030, according to US media",2025-08-05 11:36:24.000000,0,0_gaza_russian_trump_war,2025-08-05
"Putin and Trump's relationship has soured - but behind the posturing, a Ukraine deal is still possible",2025-08-04 23:22:06.000000,0,0_gaza_russian_trump_war,2025-08-04
"Disfigured, shamed and forgotten: BBC visits the Korean survivors of the Hiroshima bomb",2025-08-04 22:04:35.000000,-1,-1_china_trump_says_japan,2025-08-04
Are we getting another UK heatwave or did Storm Floris end summer early?,2025-08-05 12:06:54.000000,1,1_hong_kong_hong kong_china,2025-08-05
My twin sister and nieces were shot dead. Tighter gun rules make me feel hopeful,2025-08-04 23:45:58.000000,0,0_gaza_russian_trump_war,2025-08-04
"Jobs in video games dried up, so we made our own",2025-08-05 08:21:03.000000,-1,-1_china_trump_says_japan,2025-08-05
Zelensky thanks Trump for 'productive' talks ahead of ceasefire deadline,2025-08-05 18:14:53.000000,0,0_gaza_russian_trump_war,2025-08-05
Ofwat chief executive to resign at end of month,2025-08-05 18:47:35.000000,4,4_elections_bangladesh_chief_yunus,2025-08-05
German spy trial of far-right MP's former aide begins,2025-08-05 17:21:01.000000,-1,-1_china_trump_says_japan,2025-08-05
Tommy Robinson bailed after arrest in connection with assault,2025-08-05 14:52:36.000000,1,1_hong_kong_hong kong_china,2025-08-05
Former star fund manager and firm face £46m fine,2025-08-05 15:44:23.000000,-1,-1_china_trump_says_japan,2025-08-05
"Water park investigation after girl, 4, dies",2025-08-05 14:37:18.000000,-1,-1_china_trump_says_japan,2025-08-05
Former Romanian President Ion Iliescu dies aged 95,2025-08-05 16:32:30.000000,-1,-1_china_trump_says_japan,2025-08-05
BBC News app,2025-04-30 14:04:28.000000,-1,-1_china_trump_says_japan,2025-04-30
Why has Sydney Sweeney's jeans ad sparked a race debate?,2025-08-04 17:53:00.000000,1,1_hong_kong_hong kong_china,2025-08-04
The Battle For Car Finance Compensation,2025-08-01 18:28:00.000000,2,2_germany_germany updates_updates_germanys,2025-08-01
"Man Utd, Newcastle... or neither? Sesko's choices",2025-08-05 13:01:54.000000,-1,-1_china_trump_says_japan,2025-08-05
Porto's Champions League-winning captain Costa dies aged 53,2025-08-05 17:35:20.000000,-1,-1_china_trump_says_japan,2025-08-05
Legal case a 'seismic confrontation' between players and Fifa,2025-08-05 15:59:24.000000,1,1_hong_kong_hong kong_china,2025-08-05
Sheff Wed players to fulfil Leicester opener - what has happened with Owls?,2025-08-05 13:06:03.000000,-1,-1_china_trump_says_japan,2025-08-05
Harris blasts Spirit to win in Hundred opener,2025-08-05 16:47:48.000000,-1,-1_china_trump_says_japan,2025-08-05
Rwanda agrees to take up to 250 migrants from the US,2025-08-05 16:18:13.000000,-1,-1_china_trump_says_japan,2025-08-05
Scores dead as boat carrying more than 150 people capsizes off Yemen,2025-08-04 15:26:52.000000,0,0_gaza_russian_trump_war,2025-08-04
Gunmen kidnap more than 50 people in north-west Nigeria,2025-08-03 18:10:46.000000,0,0_gaza_russian_trump_war,2025-08-03
Family of Kenyan woman allegedly murdered by UK soldiers criticise defence secretary,2025-08-03 14:00:42.000000,-1,-1_china_trump_says_japan,2025-08-03
Kemi Badenoch says she no longer sees herself as Nigerian despite upbringing,2025-08-01 17:17:49.000000,1,1_hong_kong_hong kong_china,2025-08-01
Canada wildfires: 81 million Americans under air quality alerts as blazes rage,2025-08-05 16:17:21.000000,-1,-1_china_trump_says_japan,2025-08-05
US steps up efforts to help Bolsonaro avoid jail over alleged coup plot,2025-08-05 14:26:43.000000,1,1_hong_kong_hong kong_china,2025-08-05
Scientists identify bacterium behind devastating wasting disease in starfish,2025-08-05 06:57:17.000000,-1,-1_china_trump_says_japan,2025-08-05
US condemns Brazil supreme court judge for ordering house arrest of ex-president Jair Bolsonaro,2025-08-04 22:25:37.000000,1,1_hong_kong_hong kong_china,2025-08-04
Argentina’s Javier Milei vetoes bills that would have raised pensions and disability benefits,2025-08-04 21:03:30.000000,2,2_germany_germany updates_updates_germanys,2025-08-04
Video shows rare protests in China over beating of schoolgirl by three teenagers,2025-08-05 15:48:10.000000,1,1_hong_kong_hong kong_china,2025-08-05
‘Don’t erase the soul of Bingin’: Bali locals dismayed as 48 businesses destroyed in local crackdown,2025-08-04 15:00:35.000000,1,1_hong_kong_hong kong_china,2025-08-04
Weather tracker: Heat records fall as Japan and South Korea swelter,2025-08-04 11:05:57.000000,1,1_hong_kong_hong kong_china,2025-08-04
New Zealand to charge foreign tourists to visit most famous sites,2025-08-04 04:36:35.000000,-1,-1_china_trump_says_japan,2025-08-04
South Korea begins removing loudspeakers on border with North to reduce tensions,2025-08-04 03:56:25.000000,-1,-1_china_trump_says_japan,2025-08-04
Labor MPs urge government to prioritise reform of ‘failed’ job-ready university graduates scheme,2025-08-05 15:00:30.000000,-1,-1_china_trump_says_japan,2025-08-05
Great Barrier Reef suffers biggest annual drop in live coral since 1980s after devastating coral bleaching,2025-08-05 15:00:29.000000,-1,-1_china_trump_says_japan,2025-08-05
Australian researchers discover two invasive weeds have the potential to be burned as biofuel,2025-08-05 15:00:28.000000,-1,-1_china_trump_says_japan,2025-08-05
"Hundreds of jobseeker payments cancelled illegally by government IT system, watchdog finds",2025-08-05 14:00:27.000000,1,1_hong_kong_hong kong_china,2025-08-05
Mark Latham escapes NSW censure motion for now – but faces privileges committee,2025-08-05 12:51:53.000000,-1,-1_china_trump_says_japan,2025-08-05
"Drone that crossed into Lithuania from Belarus represents ‘alarming sign of spillover of Russia’s aggression’, says Lithuanian minister – as it happened",2025-08-05 16:17:08.000000,0,0_gaza_russian_trump_war,2025-08-05
‘We didn’t vote for ChatGPT’: Swedish PM under fire for using AI in role,2025-08-05 14:54:46.000000,-1,-1_china_trump_says_japan,2025-08-05
Homes of ‘working-class Romans’ discovered during Rome metro dig,2025-08-05 13:47:43.000000,-1,-1_china_trump_says_japan,2025-08-05
Wave of Spanish politicians edit CVs over incorrect claims of degrees and diplomas,2025-08-05 13:36:53.000000,1,1_hong_kong_hong kong_china,2025-08-05
Moldovan regional leader sentenced to seven years in prison over Russian funding,2025-08-05 13:27:08.000000,0,0_gaza_russian_trump_war,2025-08-05
Son of British woman held in Iran speaks to her for first time in 213 days,2025-08-05 17:18:59.000000,-1,-1_china_trump_says_japan,2025-08-05
Israel-Gaza war: Netanyahu deciding on next steps amid reports he could escalate conflict – as it happened,2025-08-05 17:01:07.000000,0,0_gaza_russian_trump_war,2025-08-05
Israeli cabinet meeting postponed as tensions rise over Netanyahu’s occupation plan,2025-08-05 12:04:28.000000,0,0_gaza_russian_trump_war,2025-08-05
‘Heartbreaking’: a London surgeon on the trials of operating in a Gaza hospital,2025-08-05 08:40:18.000000,0,0_gaza_russian_trump_war,2025-08-05
100 Gaza children hope to be evacuated to UK for urgent medical care,2025-08-05 05:00:43.000000,0,0_gaza_russian_trump_war,2025-08-05
About 100 people missing as flash flood tears through town in northern India,2025-08-05 17:42:11.000000,1,1_hong_kong_hong kong_china,2025-08-05
Trump’s demand that India stop buying Russian oil puts Modi in tight spot,2025-08-04 16:49:07.000000,0,0_gaza_russian_trump_war,2025-08-04
Suspected gunmen go on trial in Moscow over concert hall terror attack,2025-08-04 11:30:52.000000,-1,-1_china_trump_says_japan,2025-08-04
"India to still buy oil from Russia despite Trump threats, say officials",2025-08-02 12:48:08.000000,0,0_gaza_russian_trump_war,2025-08-02
Myanmar junta ends state of emergency as it prepares for elections,2025-07-31 07:36:37.000000,4,4_elections_bangladesh_chief_yunus,2025-07-31
Father pays tribute to ‘hard-working family man’ who died at Oasis concert,2025-08-05 18:44:50.000000,-1,-1_china_trump_says_japan,2025-08-05
‘The Earl of Sandwich is rolling in his grave’: Tesco’s birthday cake sandwich divides opinion,2025-08-05 17:43:57.000000,-1,-1_china_trump_says_japan,2025-08-05
Ofwat chief executive to step down ahead of regulator’s abolition,2025-08-05 17:42:03.000000,4,4_elections_bangladesh_chief_yunus,2025-08-05
"Worker at Berkshire psychiatric hospital where girl died had no experience, inquest hears",2025-08-05 16:47:27.000000,-1,-1_china_trump_says_japan,2025-08-05
"Support for hardline anti-immigration policies linked to ignorance about migration figures, poll suggests – as it happened",2025-08-05 16:10:46.000000,-1,-1_china_trump_says_japan,2025-08-05
US senator asks FBI to help arrest Texas Democrats fleeing as state House fails to reach quorum for second day – live updates,2025-08-05 18:47:41.000000,1,1_hong_kong_hong kong_china,2025-08-05
Tesla shareholders sue Elon Musk for allegedly hyping up faltering robotaxi,2025-08-05 18:46:33.000000,1,1_hong_kong_hong kong_china,2025-08-05
Trump administration to reinstall Confederate statue toppled in Black Lives Matter protests,2025-08-05 18:24:35.000000,-1,-1_china_trump_says_japan,2025-08-05
Trump says Republicans are ‘entitled’ to five more congressional seats in Texas,2025-08-05 18:10:04.000000,-1,-1_china_trump_says_japan,2025-08-05
OpenAI takes on Meta by launching free and customisable AI models,2025-08-05 17:54:42.000000,-1,-1_china_trump_says_japan,2025-08-05
"How will Gaza care for the 150,000 injured in Israel’s war?",2025-08-05 18:43:50.000000,0,0_gaza_russian_trump_war,2025-08-05
Sri Lanka parliament votes to fire impeached police chief,2025-08-05 18:38:44.000000,4,4_elections_bangladesh_chief_yunus,2025-08-05
Covering 14 years of Syria,2025-08-05 18:23:12.000000,-1,-1_china_trump_says_japan,2025-08-05
Remembering the original Superman,2025-08-05 18:16:23.000000,0,0_gaza_russian_trump_war,2025-08-05
"One year on, protesters celebrate fall of Sheikh Hasina",2025-08-05 18:06:10.000000,4,4_elections_bangladesh_chief_yunus,2025-08-05
US House panel subpoenas Epstein files from Trump administration,2025-08-05 17:38:15.000000,-1,-1_china_trump_says_japan,2025-08-05
"On revolution anniversary, Bangladesh’s Yunus announces national elections",2025-08-05 17:11:03.000000,4,4_elections_bangladesh_chief_yunus,2025-08-05
"Jewish Britons decry ban on Palestine Action as ‘illegitimate, unethical’",2025-08-05 16:41:06.000000,0,0_gaza_russian_trump_war,2025-08-05
Trump accuses banks of discriminating against his supporters,2025-08-05 16:40:38.000000,-1,-1_china_trump_says_japan,2025-08-05
Rwanda agrees to accept ‘third-country’ deportations from the US,2025-08-05 16:22:50.000000,-1,-1_china_trump_says_japan,2025-08-05
Anti-India rallies in Pakistan-administered Kashmir over disputed status,2025-08-05 16:12:32.000000,4,4_elections_bangladesh_chief_yunus,2025-08-05
German club backs out of signing Israel striker after fan backlash,2025-08-05 15:40:37.000000,0,0_gaza_russian_trump_war,2025-08-05
Deadly Titan implosion en route to Titanic ‘preventable’: US Coast Guard,2025-08-05 15:35:14.000000,-1,-1_china_trump_says_japan,2025-08-05
Man Utd and Newcastle make Sesko bids as Leipzig admit ‘concrete’ interest,2025-08-05 15:16:59.000000,-1,-1_china_trump_says_japan,2025-08-05
"Thousands in Sudan’s besieged el-Fasher at ‘risk of starvation’, UN warns",2025-08-05 15:13:59.000000,0,0_gaza_russian_trump_war,2025-08-05
"The airdrops on Gaza are a PR stunt, not a humanitarian operation",2025-08-05 14:49:27.000000,0,0_gaza_russian_trump_war,2025-08-05
How much aid has entered Gaza?,2025-08-05 14:46:06.000000,0,0_gaza_russian_trump_war,2025-08-05
Reality or fantasy: Is the two-state solution still achievable?,2025-08-05 14:31:36.000000,-1,-1_china_trump_says_japan,2025-08-05
Why is Ghislaine Maxwell so central to Trump-Epstein conspiracy theories?,2025-08-05 14:21:47.000000,-1,-1_china_trump_says_japan,2025-08-05
Hong Kong battles floods amid heaviest August rainfall since 1884,2025-08-05 14:05:48.000000,1,1_hong_kong_hong kong_china,2025-08-05
Japan: Girl Meets War,2025-08-05 13:45:00.000000,-1,-1_china_trump_says_japan,2025-08-05
Trump’s Africa deal: Peace plan or power grab?,2025-08-05 13:42:26.000000,-1,-1_china_trump_says_japan,2025-08-05
"At least four dead, dozens missing as flash floods hit north India village",2025-08-05 13:07:38.000000,1,1_hong_kong_hong kong_china,2025-08-05
One year post Hasina: What’s next for Bangladesh?,2025-08-05 13:00:00.000000,4,4_elections_bangladesh_chief_yunus,2025-08-05
Video: Food aid dropped into Gaza contaminated with mould,2025-08-05 12:59:40.000000,0,0_gaza_russian_trump_war,2025-08-05
4 European countries agree to buy a combined $1 billion in U.S. weapons for Ukraine,2025-08-05 17:51:01.000000,0,0_gaza_russian_trump_war,2025-08-05
Their son was shot by police in Bangladesh's 2024 protests. They still want justice,2025-08-05 12:47:50.000000,4,4_elections_bangladesh_chief_yunus,2025-08-05
This Tuscan startup sold all its olive oil in the U.S. Then came Trump's tariffs,2025-08-05 09:05:00.000000,0,0_gaza_russian_trump_war,2025-08-05
Trump puts pressure on Putin moving nuclear submarines closer to Russia,2025-08-05 08:08:06.000000,0,0_gaza_russian_trump_war,2025-08-05
"As ceasefire talks stall, Israel's government weighs a full occupation of Gaza",2025-08-05 08:05:58.000000,0,0_gaza_russian_trump_war,2025-08-05
A retired Israeli Major General on letter to President Trump from former Israeli military officials,2025-08-05 08:05:29.000000,0,0_gaza_russian_trump_war,2025-08-05
India reacts as Trump promises to raise tariffs for buying Russian oil,2025-08-05 08:04:56.000000,0,0_gaza_russian_trump_war,2025-08-05
Brazil's Supreme Court orders house arrest for former President Bolsonaro,2025-08-05 04:49:11.000000,1,1_hong_kong_hong kong_china,2025-08-05
"State Department may require some visa applicants to post bond of up to $15,000",2025-08-05 03:55:27.000000,-1,-1_china_trump_says_japan,2025-08-05
The Global Impact of the Latest U.S. Tariffs,2025-08-04 20:49:02.000000,0,0_gaza_russian_trump_war,2025-08-04
The War Room newsletter: How receiving aid became fatal in Gaza,2025-08-04 17:43:16.000000,0,0_gaza_russian_trump_war,2025-08-04
Could AI tilt the outcome of elections?,2025-07-31 13:02:38.000000,1,1_hong_kong_hong kong_china,2025-07-31
How spy agencies are experimenting with the newest AI models,2025-07-29 17:20:50.000000,1,1_hong_kong_hong kong_china,2025-07-29
Can China save South Africa from Donald Trump?,2025-07-29 11:17:10.000000,-1,-1_china_trump_says_japan,2025-07-29
Look inside The Economist’s summer issue for 2025,2025-07-28 17:24:58.000000,-1,-1_china_trump_says_japan,2025-07-28
The world court joins the fight over climate change,2025-07-24 14:44:29.000000,-1,-1_china_trump_says_japan,2025-07-24
Rethinking the war on AIDS,2025-07-24 12:59:53.000000,-1,-1_china_trump_says_japan,2025-07-24
The surprising lessons of a secret cold-war nuclear programme,2025-07-22 20:51:43.000000,-1,-1_china_trump_says_japan,2025-07-22
The War Room newsletter: Three new books on espionage,2025-07-21 16:23:54.000000,0,0_gaza_russian_trump_war,2025-07-21
The rise and rise of women’s sport,2025-07-17 12:48:23.000000,-1,-1_china_trump_says_japan,2025-07-17
Cynical realism won’t save India from Donald Trump,2025-07-15 20:16:10.000000,0,0_gaza_russian_trump_war,2025-07-15
"Gianni Infantino, FIFA’s strongman-loving boss",2025-07-11 17:35:14.000000,-1,-1_china_trump_says_japan,2025-07-11
Putin’s war in Ukraine may cost him control of the south Caucasus,2025-07-10 12:54:40.000000,0,0_gaza_russian_trump_war,2025-07-10
The 19th century is a terrible guide to modern statecraft,2025-07-08 19:09:01.000000,0,0_gaza_russian_trump_war,2025-07-08
Putin’s radioactive chokehold on the world,2025-07-03 12:58:43.000000,0,0_gaza_russian_trump_war,2025-07-03
How South Africa could harness Donald Trump’s wrath,2025-07-01 21:07:03.000000,-1,-1_china_trump_says_japan,2025-07-01
The War Room newsletter: The daddy of all summits,2025-06-30 17:12:18.000000,0,0_gaza_russian_trump_war,2025-06-30
Sex work in the gig economy,2025-06-26 12:43:33.000000,-1,-1_china_trump_says_japan,2025-06-26
Feckless Europe accepts Trump’s Lone Ranger diplomacy,2025-06-24 17:37:41.000000,-1,-1_china_trump_says_japan,2025-06-24
Can men and women be just friends?,2025-06-19 12:57:40.000000,0,0_gaza_russian_trump_war,2025-06-19
"In Trumpworld, toppling rulers is taboo",2025-06-17 12:26:17.000000,-1,-1_china_trump_says_japan,2025-06-17
The War Room newsletter: Why Israel attacked Iran—and what comes next,2025-06-13 15:41:07.000000,0,0_gaza_russian_trump_war,2025-06-13
The West has stopped losing its religion,2025-06-12 13:00:23.000000,-1,-1_china_trump_says_japan,2025-06-12
Taiwan thinks the unthinkable: resisting China without America,2025-06-10 19:08:48.000000,1,1_hong_kong_hong kong_china,2025-06-10
The War Room newsletter: Britain’s defence goals are admirably absurd,2025-06-09 16:10:34.000000,0,0_gaza_russian_trump_war,2025-06-09
"To earn American help, allies are told to elect nationalists",2025-06-03 21:00:16.000000,0,0_gaza_russian_trump_war,2025-06-03
Vladimir Putin’s sickening statistic: 1m Russian casualties in Ukraine,2025-06-02 18:51:16.000000,0,0_gaza_russian_trump_war,2025-06-02
The War Room newsletter: How Ukraine humbled Putin (again),2025-06-02 15:16:10.000000,0,0_gaza_russian_trump_war,2025-06-02
The Uber of the underworld,2025-05-29 12:48:24.000000,1,1_hong_kong_hong kong_china,2025-05-29
The War Room newsletter: Explore our “Archive 1945” project,2025-05-29 09:04:06.000000,0,0_gaza_russian_trump_war,2025-05-29
Donald Trump steals Xi Jinping’s favourite foreign policy,2025-05-27 18:33:51.000000,-1,-1_china_trump_says_japan,2025-05-27
Can China jam your GPS?,2025-05-22 12:47:13.000000,1,1_hong_kong_hong kong_china,2025-05-22
Star wars returns,2025-05-21 17:55:03.000000,-1,-1_china_trump_says_japan,2025-05-21
"How to fight the next pandemic, without America",2025-05-20 19:34:44.000000,-1,-1_china_trump_says_japan,2025-05-20
The War Room newsletter: Shadow games in the Baltic,2025-05-19 15:52:08.000000,0,0_gaza_russian_trump_war,2025-05-19
Fact-checkers forecast which dodgy claims will do most damage,2025-05-15 12:59:07.000000,-1,-1_china_trump_says_japan,2025-05-15
China and Russia are deploying powerful new weapons: ideas,2025-05-15 11:15:12.000000,-1,-1_china_trump_says_japan,2025-05-15
Why Donald Trump is a globalist,2025-05-13 18:50:52.000000,-1,-1_china_trump_says_japan,2025-05-13
The War Room newsletter: Six must-read books on the second world war,2025-05-05 16:14:31.000000,0,0_gaza_russian_trump_war,2025-05-05
The UN could run out of cash within months,2025-05-01 12:59:11.000000,-1,-1_china_trump_says_japan,2025-05-01
Donald Trump picks the wrong trade fight with China,2025-04-29 21:07:45.000000,-1,-1_china_trump_says_japan,2025-04-29
A Trump executive order will unleash a global deep-sea mining boom,2025-04-25 17:51:49.000000,-1,-1_china_trump_says_japan,2025-04-25
Why some countries are once again embracing cluster bombs,2025-04-24 12:49:36.000000,-1,-1_china_trump_says_japan,2025-04-24
The ugly task of Putin-proofing your border,2025-04-22 18:00:09.000000,0,0_gaza_russian_trump_war,2025-04-22
Trump’s red-hot war on terror,2025-04-22 16:46:04.000000,-1,-1_china_trump_says_japan,2025-04-22
The coming struggle to choose the next pope,2025-04-21 12:56:17.000000,-1,-1_china_trump_says_japan,2025-04-21
Plastics are greener than they seem,2025-04-16 13:20:45.000000,-1,-1_china_trump_says_japan,2025-04-16
Xi Jinping’s Trump-sized puzzle,2025-04-15 18:01:52.000000,-1,-1_china_trump_says_japan,2025-04-15
"The War Room newsletter: Is American diplomacy all bark, no bite?",2025-04-14 16:07:10.000000,0,0_gaza_russian_trump_war,2025-04-14
There is a vast hidden workforce behind AI,2025-04-10 09:54:26.000000,1,1_hong_kong_hong kong_china,2025-04-10
Bolsonaro Takes Stand in Coup Trial,2025-06-13 23:31:37.000000,1,1_hong_kong_hong kong_china,2025-06-13
Analysis: NYT’s bizarre coverage and omissions of Bolsonaro’s murderous coup plot,2024-12-11 11:57:00.000000,1,1_hong_kong_hong kong_china,2024-12-11
Nathália Urban Presente!,2024-09-27 20:45:59.000000,-1,-1_china_trump_says_japan,2024-09-27
Inside Brazil’s X Ban: How Elon Musk Started–and lost–a Fight With Brazil’s Judiciary,2024-09-05 21:54:18.000000,1,1_hong_kong_hong kong_china,2024-09-05
"Minister warns of “industrial-scale” organized disinformation campaign, hindering disaster efforts",2024-05-15 13:41:27.000000,1,1_hong_kong_hong kong_china,2024-05-15
Local Government’s responsibility for Porto Alegre flood catastrophe,2024-05-12 13:09:26.000000,1,1_hong_kong_hong kong_china,2024-05-12
US Congresswoman Takes Down Fantasist Republican Committee Hearing on Brazilian Democracy,2024-05-09 12:19:14.000000,1,1_hong_kong_hong kong_china,2024-05-09
Greenwald accused of thinking he is “civilizing the natives”,2024-04-23 14:29:08.000000,-1,-1_china_trump_says_japan,2024-04-23
Brazilian lawyer exposes deceit at heart of “Twitter Files”,2024-04-18 12:17:20.000000,1,1_hong_kong_hong kong_china,2024-04-18
Elon Musk Leads Far Right Propaganda Blitz On Brazil’s Democracy,2024-04-10 20:50:54.000000,-1,-1_china_trump_says_japan,2024-04-10
Bolsonaro House Arrest Aims to Display Moraes’ Defiance to U.S. Sanctions but Risks Deepening U.S.–Brazil Rift,2025-08-05 17:58:57.000000,1,1_hong_kong_hong kong_china,2025-08-05
Behind the Export Gains: Mexico’s Battle to Hold Its Place in U.S. Trade,2025-08-05 17:44:38.000000,-1,-1_china_trump_says_japan,2025-08-05
"Colombia’s Exports Shift as Farms Outpace Oil, U.S. Still Dominates, China Trails",2025-08-05 17:41:59.000000,-1,-1_china_trump_says_japan,2025-08-05
"U.S. Moves Fast to Build First Nuclear Reactor on the Moon, Aims to Dominate Off-Earth Resources and Tech",2025-08-05 17:34:46.000000,0,0_gaza_russian_trump_war,2025-08-05
Top Mexican Federal Prosecutor Assassinated as Cartel Violence Threatens Border Trade,2025-08-05 17:25:33.000000,3,3_mexico_mexican_cartel_shake,2025-08-05
"U.S. Trade Deficit Shrinks, Boosting Economic Edge",2025-08-05 17:11:49.000000,0,0_gaza_russian_trump_war,2025-08-05
Germany and Spain Drive Growth as France and UK Lag Behind,2025-08-05 17:08:32.000000,2,2_germany_germany updates_updates_germanys,2025-08-05
From Political Repression to Economic Dependence: How Brazil Edges Closer to China – This Time With Coffee,2025-08-05 16:51:32.000000,1,1_hong_kong_hong kong_china,2025-08-05
Brazil’s Economic Engine Falters: Services Sector Hits Pandemic-Era Lows,2025-08-05 16:39:20.000000,1,1_hong_kong_hong kong_china,2025-08-05
Brazil’s Opposition Tries to Halt Congress Amid Bolsonaro Arrest Fallout — But Do They Have the Power?,2025-08-05 16:35:37.000000,1,1_hong_kong_hong kong_china,2025-08-05
Middle East: Netanyahu to 'update' Gaza war plan,2025-08-05 20:56:38.022846,0,0_gaza_russian_trump_war,2025-08-05
Germany updates: Young people make up just 10% of population,2025-08-05 20:56:38.022851,2,2_germany_germany updates_updates_germanys,2025-08-05
Ukrainian refugee aid across Europe compared,2025-08-05 20:56:38.022853,2,2_germany_germany updates_updates_germanys,2025-08-05
"Ukraine's Zelenskyy talks to Trump on sanctions, drone deal",2025-08-05 20:56:38.022855,0,0_gaza_russian_trump_war,2025-08-05
Germany: AfD-linked China espionage trial opens in Dresden,2025-08-05 20:56:38.022856,-1,-1_china_trump_says_japan,2025-08-05
Bangladesh to hold elections in February 2026,2025-08-05 20:56:38.022858,4,4_elections_bangladesh_chief_yunus,2025-08-05
OceanGate's Titan sub implosion was preventable: report,2025-08-05 20:56:38.022860,-1,-1_china_trump_says_japan,2025-08-05
How can US-India ties recover from Trump's tariff threats?,2025-08-05 20:56:38.022862,0,0_gaza_russian_trump_war,2025-08-05
Japan: Passing on the pain of Hiroshima and Nagasaki,2025-08-05 20:56:38.022863,-1,-1_china_trump_says_japan,2025-08-05
UN warns of food insecurity in northern Nigeria,2025-08-05 20:56:38.022865,-1,-1_china_trump_says_japan,2025-08-05
Fraudulent research is 'destroying trust in science',2025-08-05 20:56:38.022867,-1,-1_china_trump_says_japan,2025-08-05
India deploys military as deadly floods wipe away Himalayan town,2025-08-05 20:56:38.022868,-1,-1_china_trump_says_japan,2025-08-05
Netflix hit 'Wednesday' returns for season 2,2025-08-05 20:56:38.022870,-1,-1_china_trump_says_japan,2025-08-05
Gaza airdrops not enough to address humanitarian crisis,2025-08-05 20:56:38.022871,0,0_gaza_russian_trump_war,2025-08-05
Netherlands to buy US arms for Ukraine under new NATO scheme,2025-08-05 20:56:38.022873,0,0_gaza_russian_trump_war,2025-08-05
Fact check: Are X's community notes fixing or fueling misinformation?,2025-08-05 20:56:38.022875,-1,-1_china_trump_says_japan,2025-08-05
Can a global treaty solve the plastics crisis?,2025-08-05 20:56:38.022876,-1,-1_china_trump_says_japan,2025-08-05
Denmark zoo asks people to donate pets to feed predators,2025-08-05 20:56:38.022878,-1,-1_china_trump_says_japan,2025-08-05
Heroes and villians: 30 years since the Croatian War of Independence,2025-08-05 20:56:38.022879,0,0_gaza_russian_trump_war,2025-08-05
"US to require bonds of up to $15,000 for some tourists",2025-08-05 20:56:38.022881,-1,-1_china_trump_says_japan,2025-08-05
Germany updates: Finance minister in US amid tariff tension,2025-08-05 20:56:38.022882,2,2_germany_germany updates_updates_germanys,2025-08-05
Germany to raise 'mothers' pension' — despite cash-strapped public coffers,2025-08-05 20:56:38.022884,2,2_germany_germany updates_updates_germanys,2025-08-05
Scientists search for climate clues in ancient ice,2025-08-05 20:56:38.022886,1,1_hong_kong_hong kong_china,2025-08-05
Why the birth rate in Germany continues to nosedive,2025-08-05 20:56:38.022887,2,2_germany_germany updates_updates_germanys,2025-08-05
German police expands use of Palantir surveillance software,2025-08-05 20:56:38.022889,-1,-1_china_trump_says_japan,2025-08-05
Pope's 'Jubilee of Youth' ends with mass for 1 million,2025-08-05 20:56:38.022890,-1,-1_china_trump_says_japan,2025-08-05
Political ploy? Czech Republic outlaws communist propaganda,2025-08-05 20:56:38.022892,0,0_gaza_russian_trump_war,2025-08-05
Germany updates: Welfare payments up by €4 billion last year,2025-08-05 20:56:38.022894,2,2_germany_germany updates_updates_germanys,2025-08-05
Long-distance weapons: German money for Ukraine's combat drones,2025-08-05 20:56:38.022895,0,0_gaza_russian_trump_war,2025-08-05
German nursing homes see cost for care explode,2025-08-05 20:56:38.022897,2,2_germany_germany updates_updates_germanys,2025-08-05
Romania ready to talk about Sinti and Roma genocide,2025-08-05 20:56:38.022898,-1,-1_china_trump_says_japan,2025-08-05
German government takes tougher tone with Israel,2025-08-05 20:56:38.022900,0,0_gaza_russian_trump_war,2025-08-05
Tottenham Hotspur captain Son to leave club after a decade,2025-08-05 20:56:38.022901,-1,-1_china_trump_says_japan,2025-08-05
Will Germany raise retirement age beyond 67?,2025-08-05 20:56:38.022903,2,2_germany_germany updates_updates_germanys,2025-08-05
Recognizing Palestine would deepen French Muslim-Jewish rift,2025-08-05 20:56:38.022904,0,0_gaza_russian_trump_war,2025-08-05
Detroit's Pewabic Pottery takes a road less traveled,2025-08-05 20:56:38.022906,1,1_hong_kong_hong kong_china,2025-08-05
Hans Christian Andersen's timeless legacy,2025-08-05 20:56:38.022908,0,0_gaza_russian_trump_war,2025-08-05
Why Qatar's gas lifeline to Germany is at risk,2025-08-05 20:56:38.022909,2,2_germany_germany updates_updates_germanys,2025-08-05
How climate change is changing mountaineering,2025-08-05 20:56:38.022911,1,1_hong_kong_hong kong_china,2025-08-05
Stasi: How the GDR kept its citizens under surveillance,2025-08-05 20:56:38.022912,-1,-1_china_trump_says_japan,2025-08-05
Germany: Second arson attack on rail line in two days,2025-08-05 20:56:38.022914,0,0_gaza_russian_trump_war,2025-08-05
Trump tariffs: Where do we stand after White House unveils slew of new tariffs,2025-08-05 20:56:38.022916,0,0_gaza_russian_trump_war,2025-08-05
What's behind UK foreign policy change on Palestinian state?,2025-08-05 20:56:38.022917,0,0_gaza_russian_trump_war,2025-08-05
Trump's EPA to roll back cornerstone of climate action,2025-08-05 20:56:38.022919,-1,-1_china_trump_says_japan,2025-08-05
Fake medication is a problem across the world,2025-08-05 20:56:38.022920,-1,-1_china_trump_says_japan,2025-08-05
Germany updates: Sabotage suspected in major rail disruption,2025-08-05 20:56:38.022922,-1,-1_china_trump_says_japan,2025-08-05
Berlin-Hamburg: Deutsche Bahn closes Germany's top route,2025-08-05 20:56:38.022923,2,2_germany_germany updates_updates_germanys,2025-08-05
Swedish jihadi jailed for life over infamous murder of pilot,2025-08-05 20:56:38.022925,0,0_gaza_russian_trump_war,2025-08-05
German development aid: New spending cuts ahead,2025-08-05 20:56:38.022926,2,2_germany_germany updates_updates_germanys,2025-08-05
Will Australia's youth social media ban work?,2025-08-05 20:56:38.022928,-1,-1_china_trump_says_japan,2025-08-05
The European Commission uses Open Terms Archive to track the terms and conditions of very large online platforms (11.06.25),2025-08-05 15:04:33.000000,-1,-1_china_trump_says_japan,2025-08-05
United Nations High-Level International Conference - New York Declaration on the Peaceful Settlement of the Question of Palestine and the Implementation of the Two-State solution (29 July 2025),2025-08-04 12:52:53.000000,0,0_gaza_russian_trump_war,2025-08-04
Situation of Mme Nour Attaalah (3 August 2025),2025-08-04 12:12:57.000000,4,4_elections_bangladesh_chief_yunus,2025-08-04
Israel/Palestinian Territories: Broadcasting of videos of Israeli hostages held by Hamas (2 August 2025),2025-08-04 12:11:47.000000,0,0_gaza_russian_trump_war,2025-08-04
Joint Statement – Iranian State Threatss (31.07.25),2025-07-31 17:59:38.000000,-1,-1_china_trump_says_japan,2025-07-31
Ukraine – Condemnation of massive Russian airstrikes targeting Ukrainian cities (31.07.25),2025-07-31 16:07:43.000000,0,0_gaza_russian_trump_war,2025-07-31
Anna Politkovskaya-Arman Soldin Prize for Courage in Journalism – Call for applications,2025-07-31 09:54:22.000000,0,0_gaza_russian_trump_war,2025-07-31
"UN – Two-State Solution Conference – Meeting between Minister for Europe and Foreign Affairs Jean-Noël Barrot and UN Secretary-General António Guterres (July 30, 2025)",2025-07-30 17:00:11.000000,-1,-1_china_trump_says_japan,2025-07-30
Israel / Palestinian Territories : Joint statement of the Ministers of Foreign Affairs - New York Call (29.07.25),2025-07-30 00:21:27.000000,0,0_gaza_russian_trump_war,2025-07-30
30th session of the International Seabed Authority (ISA) Assembly and Council (25.07.25),2025-07-29 17:04:58.000000,-1,-1_china_trump_says_japan,2025-07-29
Hezbollah warns of resumed missile fire at Israel if it intensifies operations in Lebanon,2025-08-05 17:09:09.000000,0,0_gaza_russian_trump_war,2025-08-05
Japan: Fire during fireworks show forces five men into the sea,2025-08-05 16:09:35.000000,0,0_gaza_russian_trump_war,2025-08-05
Lithuania urges NATO to boost air defences after Russian drone incident,2025-08-05 15:53:38.000000,0,0_gaza_russian_trump_war,2025-08-05
"Bangladesh to hold parliamentary elections in February 2026, interim leader Yunus says",2025-08-05 15:35:20.000000,4,4_elections_bangladesh_chief_yunus,2025-08-05
War-torn Gaza resident and humanitarian worker recounts harrowing plight of civilians under siege,2025-08-05 15:27:31.000000,0,0_gaza_russian_trump_war,2025-08-05
"Titan sub disaster that killed 5 was 'preventable', US Coast Guard says",2025-08-05 14:59:17.000000,-1,-1_china_trump_says_japan,2025-08-05
Fighting plastic pollution: UN's landmark treaty in the making,2025-08-05 14:43:11.000000,-1,-1_china_trump_says_japan,2025-08-05
Ukraine: Several Dead in Strikes on Northeast Region and Railway Infrastructures,2025-08-05 14:33:24.000000,0,0_gaza_russian_trump_war,2025-08-05
Is the US 'complicit in the war crimes being carried out by Israel in Gaza'?,2025-08-05 14:04:24.000000,0,0_gaza_russian_trump_war,2025-08-05
Israel reopens Gaza private goods trade,2025-08-05 13:52:40.000000,0,0_gaza_russian_trump_war,2025-08-05
Swiss ‘Mountain Tinder’ sparks high-altitude romance,2025-08-05 13:43:44.000000,-1,-1_china_trump_says_japan,2025-08-05
Trump threatens 'substantial' tariff hike on India over Russian oil deal,2025-08-05 13:23:48.000000,0,0_gaza_russian_trump_war,2025-08-05
"UK to begin migrant returns to France under 'one in, one out' deal",2025-08-05 12:38:48.000000,-1,-1_china_trump_says_japan,2025-08-05
TikTok Tan line trend sparks health concerns,2025-08-05 12:30:58.000000,-1,-1_china_trump_says_japan,2025-08-05
More Gazans die seeking aid and from hunger,2025-08-05 12:24:56.000000,0,0_gaza_russian_trump_war,2025-08-05
'Contradictions in objectives' of Chinese Studies Dept & what China would like UK schools to project,2025-08-05 11:53:32.000000,1,1_hong_kong_hong kong_china,2025-08-05
EU halts retaliatory tariffs on US goods after deal with Washington,2025-08-05 11:32:18.000000,0,0_gaza_russian_trump_war,2025-08-05
East Asia Hit by Record-Breaking Torrential Rains and Mass Evacuations,2025-08-05 10:37:34.000000,1,1_hong_kong_hong kong_china,2025-08-05
10 million people are expected to visit Athens in 2025,2025-08-05 10:36:21.000000,-1,-1_china_trump_says_japan,2025-08-05
New Delhi slams “unjustified » US threat over Russian oil,2025-08-05 10:34:08.000000,0,0_gaza_russian_trump_war,2025-08-05
"Many Israelis emigrate over Gaza, discontent with Netanyahu",2025-08-05 10:31:37.000000,0,0_gaza_russian_trump_war,2025-08-05
German far-right MEP's former aide goes on trial over China spy charges,2025-08-05 10:17:20.000000,-1,-1_china_trump_says_japan,2025-08-05
'Sinwar killed peace': Grandson of Israeli hostages urges 'to work back towards path' to peace,2025-08-05 09:54:40.000000,0,0_gaza_russian_trump_war,2025-08-05
Brazil's Supreme Court orders house arrest for former President Bolsonaro,2025-08-05 09:32:18.000000,1,1_hong_kong_hong kong_china,2025-08-05
Record-breaking rainstorm in Hong Kong wreaks havoc with 11-hour black signal,2025-08-05 14:51:30.000000,1,1_hong_kong_hong kong_china,2025-08-05
Chikungunya fever: Hong Kong urged to step up mosquito control after rainstorm,2025-08-05 14:07:41.000000,1,1_hong_kong_hong kong_china,2025-08-05
"‘China is next in line’: after India, Trump tariff threats loom over Russian oil",2025-08-05 14:00:08.000000,0,0_gaza_russian_trump_war,2025-08-05
"Trump says US and China nearing a ‘good deal’, links agreement to Xi meeting",2025-08-05 13:44:00.000000,-1,-1_china_trump_says_japan,2025-08-05
Has China just released pictures of another 6th generation stealth fighter?,2025-08-05 13:36:53.000000,1,1_hong_kong_hong kong_china,2025-08-05
"US-China battle over rare earths, Beijing’s beef boost: SCMP daily highlights",2025-08-05 13:15:08.000000,1,1_hong_kong_hong kong_china,2025-08-05
"Can Russia, India and China work together to stabilise Asia?",2025-08-05 13:01:40.000000,-1,-1_china_trump_says_japan,2025-08-05
Bali immigration officers helped Russians run violent extortion scheme: police,2025-08-05 12:53:06.000000,1,1_hong_kong_hong kong_china,2025-08-05
"As US’ effective tariff rate rises to 17%, analysts say China has an opportunity",2025-08-05 12:15:08.000000,0,0_gaza_russian_trump_war,2025-08-05
"Elderly Hong Kong cabby arrested after crashing into taxi rank, killing tourist",2025-08-05 12:11:00.000000,1,1_hong_kong_hong kong_china,2025-08-05
Is China stealing the march on science talent as US funding cuts spare no one?,2025-08-05 12:04:59.000000,1,1_hong_kong_hong kong_china,2025-08-05
Huawei to open-source AI chip toolkit to take on Nvidia’s proprietary platform,2025-08-05 12:00:09.000000,1,1_hong_kong_hong kong_china,2025-08-05
Hong Kong bombarded with scores of rainstorm warnings over past few days. Why?,2025-08-05 11:59:16.000000,1,1_hong_kong_hong kong_china,2025-08-05
"Philippines, India mark strategic leap in 75 years of ties amid China tensions",2025-08-05 11:20:28.000000,1,1_hong_kong_hong kong_china,2025-08-05
China’s top court showcases how landmark private sector law is being enforced,2025-08-05 11:00:20.000000,1,1_hong_kong_hong kong_china,2025-08-05
Shanghai targets 5 new data centres as China boosts AI capacity,2025-08-05 11:00:11.000000,-1,-1_china_trump_says_japan,2025-08-05
‘Intention of killing’: man in Japan stabs woman randomly in convenience store,2025-08-05 10:58:38.000000,-1,-1_china_trump_says_japan,2025-08-05
"China’s property slump may be bottoming, as analysts point to signs",2025-08-05 10:30:10.000000,-1,-1_china_trump_says_japan,2025-08-05
Hong Kong deploys 3 robotic ‘water-pumping dragons’ to drain 24 floods,2025-08-05 10:18:25.000000,1,1_hong_kong_hong kong_china,2025-08-05
PLA showcases amphibious attacks on Taiwan in latest episode of documentary,2025-08-05 10:00:18.000000,1,1_hong_kong_hong kong_china,2025-08-05
"Alibaba, ByteDance kick off campus recruitment campaigns as AI drives growth",2025-08-05 10:00:15.000000,1,1_hong_kong_hong kong_china,2025-08-05
China scammers con man by posing as 1 woman using voice changers; victim calls police,2025-08-05 10:00:11.000000,1,1_hong_kong_hong kong_china,2025-08-05
Chinese tourists stranded while rafting in valley,2025-08-05 09:15:13.000000,1,1_hong_kong_hong kong_china,2025-08-05
Revealed: the Li family home of 6 decades and focus of social media hoax,2025-08-05 09:00:17.000000,-1,-1_china_trump_says_japan,2025-08-05
"Alibaba, Beijing United Family Hospital partner to use AI in cancer diagnosis",2025-08-05 09:00:07.000000,-1,-1_china_trump_says_japan,2025-08-05
"China’s high-speed rail nears 50,000km milestone – but is it sustainable?",2025-08-05 09:00:03.000000,1,1_hong_kong_hong kong_china,2025-08-05
"China needs smarter, not less, investment to unlock household demand",2025-08-05 08:30:08.000000,1,1_hong_kong_hong kong_china,2025-08-05
Beijing ‘on high alert’ for disruption after Philippine-India navy patrol: PLA,2025-08-05 08:10:50.000000,1,1_hong_kong_hong kong_china,2025-08-05
Philippines rejects Chinese ‘fake news’ broadcast of South China Sea clash,2025-08-05 08:00:13.000000,1,1_hong_kong_hong kong_china,2025-08-05
Elderly man arrested in Hong Kong for allegedly assaulting bus driver,2025-08-05 07:46:42.000000,1,1_hong_kong_hong kong_china,2025-08-05
Malaysian influencers’ chicken bones prank on homeless man sparks police probe,2025-08-05 07:45:52.000000,1,1_hong_kong_hong kong_china,2025-08-05
Chinese city orders real-name registration for chikungunya fever medication,2025-08-05 07:28:36.000000,1,1_hong_kong_hong kong_china,2025-08-05
Malaysia’s US tariff deal comes with a US$240 billion price tag,2025-08-05 06:44:27.000000,0,0_gaza_russian_trump_war,2025-08-05
France’s struggling factories need investment. Is China the answer?,2025-08-05 06:00:14.000000,-1,-1_china_trump_says_japan,2025-08-05
"China university plans nation’s first BBQ research centre to train 1,000 ‘craftsmen’",2025-08-05 06:00:09.000000,1,1_hong_kong_hong kong_china,2025-08-05
A&E services at Hong Kong’s Queen Mary Hospital resume after Pok Fu Lam flooded,2025-08-05 05:10:25.000000,1,1_hong_kong_hong kong_china,2025-08-05
Hong Kong’s second-longest black rainstorm signal on record – as it happened,2025-08-05 05:07:02.000000,1,1_hong_kong_hong kong_china,2025-08-05
"East Asia’s record heat, Singapore F1 tycoon admits guilt: 7 Asia highlights",2025-08-05 04:15:09.000000,1,1_hong_kong_hong kong_china,2025-08-05
"What do we know about China’s most advanced early warning plane, the KL-3000?",2025-08-05 04:00:08.000000,1,1_hong_kong_hong kong_china,2025-08-05
Hong Kong police on the hunt for man who used fake bills to buy luxury watches,2025-08-05 03:55:09.000000,1,1_hong_kong_hong kong_china,2025-08-05
‘Deeply regressive’: sanitary pad protest stirs outrage in Malaysia,2025-08-05 03:33:39.000000,1,1_hong_kong_hong kong_china,2025-08-05
Hong Kong police find purported suicide note linked to mangled body case,2025-08-05 03:17:09.000000,1,1_hong_kong_hong kong_china,2025-08-05
"China wants people to eat more high-quality beef, unveils quality-grading system",2025-08-05 03:00:09.000000,1,1_hong_kong_hong kong_china,2025-08-05
Will Hong Kong firms feel US tariff pinch? Trade council head cautious but upbeat,2025-08-05 01:30:12.000000,0,0_gaza_russian_trump_war,2025-08-05
"Taiwan could run out of energy in 10 days under PLA blockade, report warns",2025-08-05 01:00:16.000000,1,1_hong_kong_hong kong_china,2025-08-05
"‘I can swim’: China husband tells flood rescuers to save wife first, touches hearts",2025-08-05 01:00:08.000000,1,1_hong_kong_hong kong_china,2025-08-05
Black rainstorm warning to stay in force in Hong Kong until 5pm,2025-08-05 00:44:44.000000,1,1_hong_kong_hong kong_china,2025-08-05
Wellcome supermarket is on a drive to win Hongkongers back from Shenzhen,2025-08-05 00:30:07.000000,-1,-1_china_trump_says_japan,2025-08-05
‘Sentimental words’: why North Korea dismisses South’s removing of loudspeakers,2025-08-05 00:00:07.000000,-1,-1_china_trump_says_japan,2025-08-05
Hong Kong trade promoter to form ‘strategic alliance’ with Bank of China,2025-08-04 23:30:08.000000,-1,-1_china_trump_says_japan,2025-08-04
Hong Kong police investigate mangled body found on street during heavy rainstorm,2025-08-05 11:26:29.000000,-1,-1_china_trump_says_japan,2025-08-05
"More extreme weather expected due to climate change, ex-Observatory official says after week’s 4th black rain signal",2025-08-05 10:10:32.000000,1,1_hong_kong_hong kong_china,2025-08-05
Far-right German lawmaker’s ex-aide on trial for spying for China,2025-08-05 08:51:43.000000,-1,-1_china_trump_says_japan,2025-08-05
Hong Kong gov’t to look into inaccurate flag design used at rope-skipping competition in Japan,2025-08-05 07:43:27.000000,1,1_hong_kong_hong kong_china,2025-08-05
Hong Kong company barred from hiring non-local labour after rejecting local applicants,2025-08-05 06:12:56.000000,1,1_hong_kong_hong kong_china,2025-08-05
Widespread flooding hits Hong Kong as Observatory issues 4th black rainstorm warning in a week,2025-08-05 04:52:08.000000,1,1_hong_kong_hong kong_china,2025-08-05
"Man found guilty of desecrating Chinese, Hong Kong flags seeks to overturn conviction at city’s apex court",2025-08-04 23:30:00.000000,1,1_hong_kong_hong kong_china,2025-08-04
Beijing issues new storm warning after deadly floods,2025-08-04 11:18:08.000000,1,1_hong_kong_hong kong_china,2025-08-04
Fans of K-pop star G-Dragon scammed out of HK$610k in fake tickets for Hong Kong concerts,2025-08-04 09:47:01.000000,-1,-1_china_trump_says_japan,2025-08-04
Australian police charge Chinese national with ‘foreign interference’ over alleged spying for Beijing,2025-08-04 08:28:33.000000,1,1_hong_kong_hong kong_china,2025-08-04
"‘We are workers, we are not slaves’: Hong Kong migrant domestic workers protest for ‘living wage’",2025-08-04 08:10:46.000000,1,1_hong_kong_hong kong_china,2025-08-04
Hong Kong cancels passports of 12 activists wanted under nat. sec law after involvement with overseas group,2025-08-04 06:29:41.000000,1,1_hong_kong_hong kong_china,2025-08-04
"Hong Kong may see surplus in current financial year, defying previous forecasts of continuing deficit",2025-08-04 05:15:40.000000,-1,-1_china_trump_says_japan,2025-08-04
Hong Kong records first imported case of chikungunya fever after outbreak in mainland China,2025-08-03 23:30:00.000000,1,1_hong_kong_hong kong_china,2025-08-03
China and Russia start joint drills in Sea of Japan,2025-08-03 12:33:01.000000,-1,-1_china_trump_says_japan,2025-08-03
EU condemns arrest of former Macau pro-democracy lawmaker,2025-08-03 03:22:10.000000,1,1_hong_kong_hong kong_china,2025-08-03
Fruit and vegetables now defy the seasons – with one exception: the lychee,2025-08-03 01:00:00.000000,-1,-1_china_trump_says_japan,2025-08-03
"Explainer: Hong Kong same-sex partners bill – LGBTQ activists’ reactions, lawmakers’ debates, and what’s next",2025-08-03 00:00:00.000000,1,1_hong_kong_hong kong_china,2025-08-03
11 new arrests over fatal Serbian train station disaster involving 2 Chinese companies,2025-08-02 07:00:00.000000,0,0_gaza_russian_trump_war,2025-08-02
‘We are not idealists’: Hong Kong activists face tough compromise over LGBTQ rights blueprint,2025-08-02 02:00:00.000000,1,1_hong_kong_hong kong_china,2025-08-02
"HKFP Monitor August 2, 2025: Advocacy space shrinks as LGBTQ event axed, academia falls in line",2025-08-02 01:00:00.000000,1,1_hong_kong_hong kong_china,2025-08-02
"Attacker wounds Japanese national in China with rock, Tokyo embassy says",2025-08-01 12:41:06.000000,-1,-1_china_trump_says_japan,2025-08-01
Hong Kong man arrested for allegedly threatening media outlets to publish ‘seditious’ report,2025-08-01 11:55:07.000000,1,1_hong_kong_hong kong_china,2025-08-01
UK to ‘never allow’ political extradition of Hongkongers after alarm over law changes,2025-08-01 11:33:20.000000,1,1_hong_kong_hong kong_china,2025-08-01
"Nvidia says no ‘backdoors’ in chips allowing remote access, as China questions security",2025-08-01 10:22:46.000000,-1,-1_china_trump_says_japan,2025-08-01
"Hong Kong harbour protection group disbands after 30 years, citing reclamation law changes",2025-08-01 09:37:49.000000,1,1_hong_kong_hong kong_china,2025-08-01
Taiwan vows to seek lower tariff after Trump’s ‘temporary’ 20% levy,2025-08-01 07:25:53.000000,0,0_gaza_russian_trump_war,2025-08-01
"Chikungunya fever poses ‘medium to high risk’ of local transmission, warns Hong Kong health official",2025-08-01 06:21:58.000000,1,1_hong_kong_hong kong_china,2025-08-01
"Gov’t-supported youth climate scheme accepting funds from ExxonMobil, world’s 5th largest historic polluter",2025-08-01 06:20:20.000000,-1,-1_china_trump_says_japan,2025-08-01
"Unsolicited free delivery of state-run China Daily copies to UK Parliament halted after review, says MP",2025-08-01 05:06:37.000000,1,1_hong_kong_hong kong_china,2025-08-01
Japan sets record high temperature of 41.8 C in Gunma; worries mount over rice crops,2025-08-05 10:13:27.000000,-1,-1_china_trump_says_japan,2025-08-05
How Russia reins in the internet by blocking websites and isolating it from the rest of the world,2025-08-05 10:05:27.000000,0,0_gaza_russian_trump_war,2025-08-05
Japan's aging atomic bomb survivors speak out against nuclear weapons,2025-08-05 07:34:43.000000,0,0_gaza_russian_trump_war,2025-08-05
Denmark zoo asks people to donate their small pets as food for captive predators,2025-08-04 23:32:53.000000,-1,-1_china_trump_says_japan,2025-08-04
"Justice Department to open grand jury probe into Obama officials, source says",2025-08-05 03:45:23.000000,-1,-1_china_trump_says_japan,2025-08-05
How reliable is the jobs data? Economists and Wall Street still trust it,2025-08-04 23:33:30.000000,1,1_hong_kong_hong kong_china,2025-08-04
Woman in her 30s dies after being subdued by police officers in Obihiro,2025-08-05 07:35:55.000000,-1,-1_china_trump_says_japan,2025-08-05
Sean ‘Diddy’ Combs is denied release on bond to await sentencing,2025-08-04 22:41:03.000000,-1,-1_china_trump_says_japan,2025-08-04
Brazil’s Supreme Court orders house arrest for former President Bolsonaro,2025-08-04 21:48:57.000000,1,1_hong_kong_hong kong_china,2025-08-04
"Judge orders Florida, federal officials to produce 'Alligator Alcatraz' agreements",2025-08-04 21:49:25.000000,-1,-1_china_trump_says_japan,2025-08-04
Students visit Peace Memorial Park,2025-08-04 21:08:17.000000,0,0_gaza_russian_trump_war,2025-08-04
U.S. government restricts sports visas for transgender women,2025-08-04 21:16:08.000000,-1,-1_china_trump_says_japan,2025-08-04
At least 40 Gazans killed while seeking aid,2025-08-05 03:45:32.000000,0,0_gaza_russian_trump_war,2025-08-05
Djokovic withdraws from ATP Cincinnati Masters,2025-08-04 21:16:17.000000,-1,-1_china_trump_says_japan,2025-08-04
Trump threatens to raise tariffs on goods from India over Russian oil purchases,2025-08-05 03:45:17.000000,0,0_gaza_russian_trump_war,2025-08-05
August recess can't hide tensions ahead for Congress on spending and Trump nominations,2025-08-05 03:45:12.000000,-1,-1_china_trump_says_japan,2025-08-05
Australia awards navy frigate contract to Mitsubishi Heavy,2025-08-05 07:38:02.000000,-1,-1_china_trump_says_japan,2025-08-05
Trump’s deadline for Kremlin looms but Putin shows no sign of making concessions,2025-08-05 05:33:58.000000,0,0_gaza_russian_trump_war,2025-08-05
"Messi has a 'minor' muscle injury, Inter Miami says timeline for return is unknown",2025-08-04 21:16:35.000000,-1,-1_china_trump_says_japan,2025-08-04
Fire breaks out on fireworks barge at Yokohama festival,2025-08-05 07:35:02.000000,-1,-1_china_trump_says_japan,2025-08-05
"Armed men on motorbikes kill 11, kidnap 70 in northwest Nigeria",2025-08-04 21:15:43.000000,0,0_gaza_russian_trump_war,2025-08-04
Japan publisher sorry for column targeting people with foreign roots,2025-08-05 07:34:53.000000,-1,-1_china_trump_says_japan,2025-08-05
'There is no money': Argentina's Milei vetoes pension boost passed by Congress,2025-08-04 21:15:31.000000,2,2_germany_germany updates_updates_germanys,2025-08-04
"Japan gov't panel hikes minimum hourly wage by 6% to record 1,118 yen",2025-08-04 21:18:25.000000,-1,-1_china_trump_says_japan,2025-08-04
Tesla awards CEO Musk millions of shares valued at about $29 billion,2025-08-05 05:33:18.000000,1,1_hong_kong_hong kong_china,2025-08-05
Lions hooker Sheehan suspended for 4 matches over Lynagh incident,2025-08-04 21:16:24.000000,-1,-1_china_trump_says_japan,2025-08-04
China's Baidu to deploy robotaxis on rideshare app Lyft,2025-08-04 21:16:56.000000,-1,-1_china_trump_says_japan,2025-08-04
India wins test series finale by 6 runs against England in Oval classic,2025-08-04 21:16:29.000000,-1,-1_china_trump_says_japan,2025-08-04
"Record 120 countries, regions to attend Hiroshima A-bomb ceremony",2025-08-05 00:37:24.000000,-1,-1_china_trump_says_japan,2025-08-05
Trial begins for suspects in 2024 Moscow concert hall attack that killed 149 people,2025-08-04 21:15:37.000000,0,0_gaza_russian_trump_war,2025-08-04
Canadian budget carrier Flair to offer US $102 flights from CDMX to Vancouver,2025-08-05 18:29:00.000000,-1,-1_china_trump_says_japan,2025-08-05
Retirement mecca San Miguel de Allende changes its tune with increasing youth activities,2025-08-05 14:43:06.000000,2,2_germany_germany updates_updates_germanys,2025-08-05
La Xiqueñada: A first-timer’s guide to Xico’s raucous weeks-long festival,2025-08-05 08:36:07.000000,-1,-1_china_trump_says_japan,2025-08-05
Sheinbaum pushes back on claims of strained US security relations: Monday’s mañanera recapped,2025-08-05 00:58:00.000000,-1,-1_china_trump_says_japan,2025-08-05
"After another round of successful negotiations, what is Mexico doing to achieve permanent tariff relief?",2025-08-05 00:36:26.000000,3,3_mexico_mexican_cartel_shake,2025-08-05
Shakira has sold a record-breaking 1 million tickets in Mexico,2025-08-04 23:53:39.000000,-1,-1_china_trump_says_japan,2025-08-04
Mexico asks US to extradite former daycare owner convicted of manslaughter,2025-08-04 22:16:16.000000,3,3_mexico_mexican_cartel_shake,2025-08-04
Baja California Sur becomes first state to legalize swimming with orcas,2025-08-04 21:08:09.000000,3,3_mexico_mexican_cartel_shake,2025-08-04
"The fun, friendly and frugal way to travel within (and outside) Mexico",2025-08-04 20:43:22.000000,3,3_mexico_mexican_cartel_shake,2025-08-04
What to cook this August,2025-08-04 19:43:31.000000,-1,-1_china_trump_says_japan,2025-08-04
‘She stood up to men with machetes’: Sandra Domínguez fought against femicide in Mexico – then became a victim herself,2025-08-05 11:00:02.000000,3,3_mexico_mexican_cartel_shake,2025-08-05
‘People are scared to go out’: fear of Ice agents forces cancellation of US summer festivals,2025-08-04 11:12:48.000000,-1,-1_china_trump_says_japan,2025-08-04
Ten lessons the Aztecs can teach us today |  Sebastian Purcell,2025-08-04 10:00:03.000000,-1,-1_china_trump_says_japan,2025-08-04
Trump imposes sweeping new tariffs on dozens of countries in latest bid to reshape global trade,2025-08-01 01:37:26.000000,0,0_gaza_russian_trump_war,2025-08-01
Sheinbaum demands return of Mexican citizens held at ‘Alligator Alcatraz’,2025-07-30 18:20:59.000000,3,3_mexico_mexican_cartel_shake,2025-07-30
Tariffs and judicial chaos shake investor confidence in Mexico: ‘Everything has been put on hold’,2025-07-30 11:00:01.000000,3,3_mexico_mexican_cartel_shake,2025-07-30
It is a potentially lethal chemical – but even Mexico’s cartels can’t resist the lure of mercury,2025-07-24 17:00:33.000000,3,3_mexico_mexican_cartel_shake,2025-07-24
"Advocates demand closure of ‘Alligator Alcatraz’, citing appalling conditions",2025-07-22 21:04:11.000000,-1,-1_china_trump_says_japan,2025-07-22
Is it safe to use magic mushrooms while pregnant? One woman’s quest raises questions,2025-07-16 10:00:45.000000,-1,-1_china_trump_says_japan,2025-07-16
Backlash against Mexico City gentrification echoes global anger at overtourism and rising rents,2025-07-15 12:00:33.000000,3,3_mexico_mexican_cartel_shake,2025-07-15
"Farm worker who died after California Ice raid was ‘hardworking and innocent’, family says",2025-07-14 20:16:52.000000,0,0_gaza_russian_trump_war,2025-07-14
"Trump’s latest tariffs ‘are real’ unless deals improve, economic adviser says",2025-07-13 16:13:23.000000,0,0_gaza_russian_trump_war,2025-07-13
Donald Trump announces 30% tariffs on goods from the EU and Mexico,2025-07-12 14:56:04.000000,0,0_gaza_russian_trump_war,2025-07-12
South Sudan says eight deportees from the US are under government care,2025-07-09 13:57:36.000000,-1,-1_china_trump_says_japan,2025-07-09
Why has Latin American shifted to the right? | Ernesto Samper Pizano,2025-07-09 11:00:50.000000,-1,-1_china_trump_says_japan,2025-07-09
Firefighters from Mexico aid Texas flood search and rescue: ‘There are no borders’,2025-07-08 20:20:04.000000,3,3_mexico_mexican_cartel_shake,2025-07-08
"Boxer Julio César Chávez Jr was a cartel henchman, Mexican prosecutors claim",2025-07-07 10:00:06.000000,3,3_mexico_mexican_cartel_shake,2025-07-07
DoJ to give up audio tapes of killing and torture of DEA agent Kiki Camarena,2025-07-06 13:31:36.000000,-1,-1_china_trump_says_japan,2025-07-06
‘A win for humanity’: Trump’s asylum ban at US-Mexico border ruled unlawful,2025-07-02 20:42:42.000000,3,3_mexico_mexican_cartel_shake,2025-07-02
US to breed billions of flies and dump them out of aircraft in bid to fight flesh-eating maggot,2025-07-02 17:05:39.000000,-1,-1_china_trump_says_japan,2025-07-02
India’s National Security Adviser Visits Russia Amid Trump Tariff Threats – Reports,2025-08-05 15:17:00.000000,0,0_gaza_russian_trump_war,2025-08-05
Iranian Nuclear Scientists Sought Sensitive Tech During Secret Russia Visit – FT,2025-08-05 15:15:44.000000,0,0_gaza_russian_trump_war,2025-08-05
Russia Declares Zimin Foundation ‘Undesirable’,2025-08-05 14:34:07.000000,0,0_gaza_russian_trump_war,2025-08-05
Nearly 130 Russian Towns Face Extinction – Study,2025-08-05 14:05:35.000000,0,0_gaza_russian_trump_war,2025-08-05
Kadyrov’s Teenage Son Tapped to Oversee Gaza Aid Distribution,2025-08-05 13:52:57.000000,0,0_gaza_russian_trump_war,2025-08-05
Moscow Investigators Press Fresh Criminal Charges Against Exiled Activist Maxim Katz,2025-08-05 13:28:59.000000,-1,-1_china_trump_says_japan,2025-08-05
Kremlin Condemns Jailing of Pro-Russian Regional Leader in Moldova,2025-08-05 12:02:57.000000,0,0_gaza_russian_trump_war,2025-08-05
Kamchatka Governor Calls for Mayor’s Resignation Over Earthquake Response,2025-08-05 10:29:12.000000,-1,-1_china_trump_says_japan,2025-08-05
Russia Ends Voluntary Ban on Intermediate-Range Missile Deployments,2025-08-05 08:41:00.000000,0,0_gaza_russian_trump_war,2025-08-05
Russian Railways Furloughs Staff Amid Freight Traffic Slump – RBC,2025-08-04 15:26:47.000000,0,0_gaza_russian_trump_war,2025-08-04
'He Played a Colossal Role': Moscow Times Alumni Share Memories of Derk Sauer,2025-08-04 14:49:00.000000,0,0_gaza_russian_trump_war,2025-08-04
Vologda Governor Escalates Fight With Liquor Store Giant Krasnoe & Beloe,2025-08-04 14:36:22.000000,-1,-1_china_trump_says_japan,2025-08-04
Young Woman Fined for Filming Oil Depot Fire After Ukrainian Drone Attack,2025-08-04 13:28:20.000000,0,0_gaza_russian_trump_war,2025-08-04
Trial Begins in Moscow Over Crocus Concert Hall Attack,2025-08-04 12:40:19.000000,-1,-1_china_trump_says_japan,2025-08-04
Kremlin Calls for Restraint After Trump Deploys Nuclear Submarines,2025-08-04 10:37:00.000000,0,0_gaza_russian_trump_war,2025-08-04
"Sakhalin Becomes First Russian Region to Reach Carbon Neutrality, Officials Say",2025-08-04 10:11:00.000000,0,0_gaza_russian_trump_war,2025-08-04
"Train Slams Into Tourist Bus Near St. Petersburg, Killing 1 and Injuring 16",2025-08-04 09:00:51.000000,0,0_gaza_russian_trump_war,2025-08-04
Russian Police Fatally Shoot 3 Men Suspected of Planning Attacks in Kabardino-Balkaria,2025-08-04 08:34:01.000000,0,0_gaza_russian_trump_war,2025-08-04
Trump Says Special Envoy Witkoff to Visit Russia in Coming Days,2025-08-04 07:42:00.000000,0,0_gaza_russian_trump_war,2025-08-04
Ukrainian Drones Spark Fire at Sochi Oil Depot,2025-08-03 09:25:00.000000,0,0_gaza_russian_trump_war,2025-08-03
China and Russia Start Joint Drills in Sea of Japan,2025-08-03 09:03:39.000000,-1,-1_china_trump_says_japan,2025-08-03
Dormant Volcano in Russia Erupts for First Time in 450 Years,2025-08-03 08:14:00.000000,0,0_gaza_russian_trump_war,2025-08-03
"Who Is Dmitry Medvedev, Russia's Hawkish Ex-President?",2025-08-02 15:02:49.000000,0,0_gaza_russian_trump_war,2025-08-02
"Ukrainian Drone Strikes Kill 3 in Russia's Penza, Samara, Rostov Regions",2025-08-02 09:17:10.000000,0,0_gaza_russian_trump_war,2025-08-02
Trump Deploys Nuclear Submarines in Row With Russia,2025-08-01 17:35:00.000000,0,0_gaza_russian_trump_war,2025-08-01
Russian Oil Tankers Idle Off India as Sanctions and U.S. Tariff Threats Disrupt Trade,2025-08-01 16:23:26.000000,0,0_gaza_russian_trump_war,2025-08-01
Chechnya’s Kadyrov Shares ‘Training’ Video After Reports of Near-Drowning in Turkey,2025-08-01 15:46:21.000000,0,0_gaza_russian_trump_war,2025-08-01
Suspected Russian Drone Found at Military Training Site in Lithuania,2025-08-01 15:22:41.000000,0,0_gaza_russian_trump_war,2025-08-01
"Putin Praises Troop Advances, Says Russia Ramping Up Missile Output Despite Trump’s Peace Demand",2025-08-01 14:39:00.000000,0,0_gaza_russian_trump_war,2025-08-01
"‘The Godfather of the Media Business’: Russian Journalists Remember Derk Sauer, Pioneering Media Entrepreneur",2025-08-01 14:13:00.000000,0,0_gaza_russian_trump_war,2025-08-01
Russia Limits Access to Key Economic and Demographic Data Amid Downturn Concerns,2025-08-01 12:24:00.000000,0,0_gaza_russian_trump_war,2025-08-01
Hackers Claim to Publish Aeroflot CEO’s Flight History After Cyberattack,2025-08-01 12:12:07.000000,-1,-1_china_trump_says_japan,2025-08-01
Azerbaijan Threatens Russian State Media Over Use of Karabakh Capital’s Armenian Name,2025-08-01 10:24:40.000000,0,0_gaza_russian_trump_war,2025-08-01
Former VK Chief Takes Over Russian Gaming Studio Behind World of Tanks,2025-08-01 10:00:24.000000,0,0_gaza_russian_trump_war,2025-08-01
Putin Signs Law Allowing Police to Freeze Bank Accounts Without Court Orders,2025-08-01 09:34:47.000000,0,0_gaza_russian_trump_war,2025-08-01
Kyiv Observes Day of Mourning After Russian Attack Kills 31 People,2025-08-01 09:31:47.000000,0,0_gaza_russian_trump_war,2025-08-01
"Mudslide Triggers Evacuations, Cuts Water Supply Near Mount Elbrus",2025-08-01 09:16:50.000000,1,1_hong_kong_hong kong_china,2025-08-01
"‘It’s Disgusting’: Trump Condemns Deadly Russian Attack on Kyiv, Threatens Fresh Sanctions",2025-08-01 08:20:00.000000,0,0_gaza_russian_trump_war,2025-08-01
Russia and U.S. Agree to Extend International Space Station Operations to 2028,2025-08-01 07:46:00.000000,0,0_gaza_russian_trump_war,2025-08-01
"Derk Sauer, Moscow Times Founder and Dutch Media Entrepreneur, Dies at 72",2025-07-31 15:21:00.000000,0,0_gaza_russian_trump_war,2025-07-31
Putin Signs Law Criminalizing Searches for ‘Extremist’ Content,2025-07-31 14:37:16.000000,0,0_gaza_russian_trump_war,2025-07-31
Gorky Moscow Art Theater Director Charged With Bribery – Fontanka,2025-07-31 13:57:00.000000,0,0_gaza_russian_trump_war,2025-07-31
Russia and Syria Signal Closer Ties Amid Uncertainty Over Military Bases,2025-07-31 12:30:05.000000,0,0_gaza_russian_trump_war,2025-07-31
Russia Declares Navalny Memoir ‘Extremist’,2025-07-31 11:54:00.000000,0,0_gaza_russian_trump_war,2025-07-31
Russian-Israeli Writer’s Tashkent Event Canceled After She Says Israel Has Right to Turn Gaza ‘Into a Parking Lot’,2025-07-31 11:25:00.000000,0,0_gaza_russian_trump_war,2025-07-31
Russian Billionaire Faces $50M Environmental Lawsuit Over Mining Disaster,2025-07-31 10:46:51.000000,-1,-1_china_trump_says_japan,2025-07-31
"Dozens of Aftershocks Rattle Kamchatka, Volcano Erupts After Powerful Earthquake",2025-07-31 10:12:41.000000,-1,-1_china_trump_says_japan,2025-07-31
In Photos: Deadly Russian Strikes on Kyiv Kill 31,2025-07-31 08:52:00.000000,0,0_gaza_russian_trump_war,2025-07-31
Trump and Medvedev Trade Jabs as U.S.-India Trade Talks Stall,2025-07-31 08:42:33.000000,0,0_gaza_russian_trump_war,2025-07-31
At Least 8 Killed in Russian Strikes on Kyiv as Moscow Claims Capture of Chasiv Yar,2025-07-31 07:42:00.000000,0,0_gaza_russian_trump_war,2025-07-31
Palestinians Stream Back to Northern Gaza on Foot,2025-01-27 19:23:00.000000,0,0_gaza_russian_trump_war,2025-01-27
"Leading China Property Developer Reports Huge loss, in Sign of Widening Real-Estate Woes",2025-01-27 17:32:00.000000,-1,-1_china_trump_says_japan,2025-01-27
Freed Israeli Hostages Still Had Shrapnel in Their Bodies From Oct. 7 Attack,2025-01-27 17:12:00.000000,0,0_gaza_russian_trump_war,2025-01-27
Suspected Sabotage of Deep-Sea Cable Triggers First NATO-Led Response,2025-01-27 16:22:00.000000,-1,-1_china_trump_says_japan,2025-01-27
Rwanda-Backed Rebels Enter Congo's Safe-Haven City,2025-01-27 15:07:00.000000,-1,-1_china_trump_says_japan,2025-01-27
Cocaine-Funded Gangs Shake Colombia Years After Peace Pact,2025-01-27 12:00:00.000000,3,3_mexico_mexican_cartel_shake,2025-01-27
"Italy Supports Saudi Arabia Joining Fighter-Jet Program, PM Meloni Says",2025-01-27 10:34:00.000000,0,0_gaza_russian_trump_war,2025-01-27
Shippers Wary of Red Sea Routes Despite Houthi Pledge to End Targeting,2025-01-27 06:05:00.000000,-1,-1_china_trump_says_japan,2025-01-27
Kim Jong Un Is Doing Everything He Can to Keep North Korea's Youth in Line,2025-01-27 06:05:00.000000,-1,-1_china_trump_says_japan,2025-01-27
"Trump Says Colombia Will Accept Deportees, Ending Tariff Standoff",2025-01-27 03:59:00.000000,-1,-1_china_trump_says_japan,2025-01-27
Jeju Air Crash Probe Focuses On Engine Damage After Bird Strike,2025-01-27 03:53:00.000000,0,0_gaza_russian_trump_war,2025-01-27
"Germany's Economic Model Is Broken, and No One Has a Plan B",2025-01-27 02:00:00.000000,2,2_germany_germany updates_updates_germanys,2025-01-27
"Trump Says He Wants to 'Clean Out' Gaza, Send Refugees to Egypt and Jordan",2025-01-26 23:30:00.000000,0,0_gaza_russian_trump_war,2025-01-26
Hamas Releases Four Female Israeli Soldiers Under Gaza Cease-Fire Deal,2025-01-25 18:45:00.000000,0,0_gaza_russian_trump_war,2025-01-25
Hamas Took More Than 200 Hostages From Israel. Here's What We Know.,2025-01-25 17:00:00.000000,0,0_gaza_russian_trump_war,2025-01-25
U.N. and Congolese Troops Struggle to Halt Lightning Rebel Attack,2025-01-25 14:32:00.000000,-1,-1_china_trump_says_japan,2025-01-25
Who Are the Israeli Hostages Released by Hamas?,2025-01-25 11:57:00.000000,0,0_gaza_russian_trump_war,2025-01-25
The Latest Gaza Hostages Freed: Women Whose Hamas Warnings Were Ignored,2025-01-25 10:05:00.000000,0,0_gaza_russian_trump_war,2025-01-25
"Beijing Signals Readiness to Talk to Trump's Team, Even Old Foes",2025-01-25 00:58:00.000000,-1,-1_china_trump_says_japan,2025-01-25
"Canada Is Becoming a Fentanyl Exporter, and a Target for Trump",2025-01-24 22:56:00.000000,-1,-1_china_trump_says_japan,2025-01-24
News24 | PODCAST | The Lead: No deal (yet) - what does Trump’s 30% tariffs mean for you?,2025-08-05 20:56:44.533670,0,0_gaza_russian_trump_war,2025-08-05
News24 | Jonas yet to travel to US as envoy; SA eyes relaxing trade rules: Today’s top 7 stories,2025-08-05 20:56:44.533674,-1,-1_china_trump_says_japan,2025-08-05
"News24 | Wednesday’s weather: Thunderstorms, rain, snow and hail as cold front sweeps across SA",2025-08-05 20:56:44.533675,1,1_hong_kong_hong kong_china,2025-08-05
News24 | Brand Story | Fedhealth launches a bold Medical Aid reboot,2025-08-05 20:56:44.533677,-1,-1_china_trump_says_japan,2025-08-05
News24 | Sponsored | How to be financially healthier and be rewarded,2025-08-05 20:56:44.533678,2,2_germany_germany updates_updates_germanys,2025-08-05
News24 | US House panel subpoenas Clintons in Epstein probe,2025-08-05 20:56:44.533680,-1,-1_china_trump_says_japan,2025-08-05
"News24 | Stellenbosch University confirms student died of meningitis, starts contact tracing",2025-08-05 20:56:44.533681,-1,-1_china_trump_says_japan,2025-08-05
News24 | Rwanda says it will 'accept up to 250 migrants' from US,2025-08-05 20:56:44.533682,-1,-1_china_trump_says_japan,2025-08-05
News24 | Dozens killed in Gaza as Israeli strikes hit aid queues and shelters,2025-08-05 20:56:44.533684,0,0_gaza_russian_trump_war,2025-08-05
News24 | Princess Diana’s lookalike niece Lady Eliza Spencer engaged to SA businessman,2025-08-05 20:56:44.533685,1,1_hong_kong_hong kong_china,2025-08-05
"News24 |  Petrol price relief from Wednesday, but diesel hiked",2025-08-05 20:56:44.533686,0,0_gaza_russian_trump_war,2025-08-05
"News24 | High Court dismisses Kunene hate speech appeal, gives him a month to apologise to Malema",2025-08-05 20:56:44.533688,-1,-1_china_trump_says_japan,2025-08-05
"News24 | Under pressure, Israel cabinet poised to order complete takeover of Gaza",2025-08-05 20:56:44.533689,0,0_gaza_russian_trump_war,2025-08-05
"News24 | Former New Zealand top cop Jevon McSkimming charged over child porn, bestiality material",2025-08-05 20:56:44.533690,-1,-1_china_trump_says_japan,2025-08-05
"News24 | Alleged serial rapist, murderer arrested after using dating app to lure women",2025-08-05 20:56:44.533692,-1,-1_china_trump_says_japan,2025-08-05
"News24 | Furious Brazil judge slams Bolsonaro who treated court ‘like a fool’, orders house arrest",2025-08-05 20:56:44.533693,1,1_hong_kong_hong kong_china,2025-08-05
"News24 | Boy, 11, drowns after becoming stuck in muddy excavation pit",2025-08-05 20:56:44.533694,1,1_hong_kong_hong kong_china,2025-08-05
"News24 | Tuesday’s weather: Chilly in Western Cape, Northern Cape, with light snow in Eastern Cape",2025-08-05 20:56:44.533696,1,1_hong_kong_hong kong_china,2025-08-05
"News24 | PODCAST | The Lead: Shades of Babita - another auditor, another hit and more tender billions",2025-08-05 20:56:44.533697,-1,-1_china_trump_says_japan,2025-08-05
News24 | US warns of heavy gunfire near its embassy in Haiti,2025-08-05 20:56:44.533698,0,0_gaza_russian_trump_war,2025-08-05
